CREATE TABLE BANCO(
	CODIGO CHAR(4) PRIMARY KEY NOT NULL,
	NOME VARCHAR2(50) UNIQUE NOT NULL
);

CREATE TABLE PAIS(
	ID_PAIS INT PRIMARY KEY NOT NULL,
	NOME VARCHAR2(50) UNIQUE NOT NULL
);

CREATE TABLE ESTADO(
	ID_ESTADO INT PRIMARY KEY NOT NULL,
	ID_PAIS INT NOT NULL,
	NOME VARCHAR2(50) UNIQUE NOT NULL,
	CONSTRAINT FK_ID_PAIS FOREIGN KEY (ID_PAIS) REFERENCES PAIS(ID_PAIS)
);

CREATE TABLE CIDADE(
	ID_CIDADE INT NOT NULL,
	ID_ESTADO INT  NOT NULL,
	NOME VARCHAR2(50) UNIQUE NOT NULL,
	CONSTRAINT PK_ID_CIDADE_ESTADO PRIMARY KEY (ID_CIDADE, ID_ESTADO),
	CONSTRAINT FK_ID_ESTADO FOREIGN KEY ( ID_ESTADO ) REFERENCES ESTADO( ID_ESTADO )
);

CREATE TABLE BAIRRO(
	ID_BAIRRO INT NOT NULL,
	ID_CIDADE INT NOT NULL,
	ID_ESTADO INT NOT NULL,
	NOME VARCHAR2(50) NOT NULL,
	CONSTRAINT PK_ID_BAIRRO_CIDADE PRIMARY KEY ( ID_BAIRRO, ID_CIDADE ),
	CONSTRAINT FK_ID_CIDADE_ESTADO FOREIGN KEY ( ID_CIDADE, ID_ESTADO ) REFERENCES CIDADE( ID_CIDADE, ID_ESTADO )
);


CREATE TABLE ENDERECO(
	ID_ENDERECO INT PRIMARY KEY NOT NULL,
	ID_BAIRRO INT NOT NULL,
	ID_CIDADE INT NOT NULL,
	LOGRADOURO VARCHAR2(255) NOT NULL,
	NUMERO INT NOT NULL,
	COMPLEMENTO VARCHAR2(100),
	CEP CHAR(9) NULL,
	CONSTRAINT FK_ID_BAIRRO_CIDADE FOREIGN KEY (ID_BAIRRO, ID_CIDADE) REFERENCES BAIRRO (ID_BAIRRO, ID_CIDADE)

);

CREATE TABLE AGENCIA(
	CODIGO CHAR(6) NOT NULL,
	ID_BANCO CHAR(4) NOT NULL,
	ID_ENDERECO INT NOT NULL,
	NOME VARCHAR2(100) NOT NULL,
	CONSTRAINT PK_CODIGO_ID_BANCO PRIMARY KEY ( CODIGO, ID_BANCO ),
	CONSTRAINT FK_ID_BANCO FOREIGN KEY (ID_BANCO) REFERENCES BANCO ( CODIGO ),
	CONSTRAINT FK_ID_ENDERECO FOREIGN KEY (ID_ENDERECO) REFERENCES ENDERECO (ID_ENDERECO)
);

CREATE TABLE CONSOLIDACAO(
	ID_CONSOLIDACAO INT PRIMARY KEY NOT NULL,
	FK_CODIGO CHAR(6) NOT NULL,
	ID_BANCO CHAR(4) NOT NULL,
	SALDO_ATUAL DECIMAL(18,2) UNIQUE NOT NULL,
	SAQUES DECIMAL(18,2) UNIQUE NOT NULL,
	DEPOSITOS DECIMAL(18,2) UNIQUE NOT NULL,
	NUMERO_CORRENTISTA INT NOT NULL,
	CONSTRAINT FK_CODIGO_ID_BANCO FOREIGN KEY (FK_CODIGO, ID_BANCO) REFERENCES AGENCIA (CODIGO, ID_BANCO)
);

CREATE TABLE TIPO_CONTA(
	ID_TIPO_CONTA INT PRIMARY KEY NOT NULL,
	NOME VARCHAR2(20) NOT NULL
);

CREATE TABLE CONTA(
	CODIGO INT NOT NULL,
	CODIGO_AGENCIA CHAR(6) NOT NULL,
	ID_BANCO CHAR(4) NOT NULL,
	TIPO_CONTA INT NOT NULL,
	SALDO DECIMAL(18,2) DEFAULT 0.0 NOT NULL,
	CONSTRAINT PK_CODIGO PRIMARY KEY (CODIGO),
	CONSTRAINT FK_TIPO_CONTA FOREIGN KEY (TIPO_CONTA) REFERENCES TIPO_CONTA (ID_TIPO_CONTA),
	CONSTRAINT FK_CODIGO_AGENCIA FOREIGN KEY (CODIGO_AGENCIA, ID_BANCO) REFERENCES AGENCIA (CODIGO, ID_BANCO)
);

CREATE TABLE MOVIMENTACOES(
	ID_MOVIMENTACOES INT PRIMARY KEY NOT NULL,
	CODIGO INT NOT NULL,
	TIPO VARCHAR2(10) CHECK ( TIPO IN ('DÉBITO', 'CRÉDITO') ),
	VALOR DECIMAL(18, 2) NOT NULL,
	CONSTRAINT FK_CODIGO_CONTA FOREIGN KEY (CODIGO) REFERENCES CONTA (CODIGO)
);

CREATE TABLE CLIENTE(
	CPF CHAR(14) PRIMARY KEY NOT NULL,
	NOME VARCHAR2(100) NOT NULL,
	DATA_NASCIMENTO CHAR(10) NOT NULL,
	ESTADO_CIVIL VARCHAR2(20) CHECK ( ESTADO_CIVIL IN ('SOLTEIRO', 'CASADO' , 'DIVORCIADO', 'UNIÃO ESTÁVEL', 'VIUVO') )
);

CREATE TABLE CLIENTE_X_ENDERECO(
	ID_CLIENTE CHAR(14) NOT NULL,
	ID_ENDERECO INT NOT NULL,
	CONSTRAINT PK_ID_CLIENTE_ENDERECO PRIMARY KEY (ID_CLIENTE, ID_ENDERECO),
	CONSTRAINT FK_ID_ENDERECO_2 FOREIGN KEY (ID_ENDERECO) REFERENCES ENDERECO (ID_ENDERECO),
	CONSTRAINT FK_ID_CLIENTE FOREIGN KEY (ID_CLIENTE) REFERENCES CLIENTE (CPF)
);

CREATE TABLE CLIENTE_X_CONTA(
	ID_CLIENTE CHAR(14) NOT NULL,
	CODIGO INT NOT NULL,
	ID_BANCO CHAR(4) NOT NULL,
	TIPO_CONTA INT NOT NULL,
	CONSTRAINT PK_CLIENTE_BANCO_TIPO PRIMARY KEY (ID_CLIENTE, ID_BANCO, TIPO_CONTA),
	CONSTRAINT FK_ID_BANCO_2 FOREIGN KEY (ID_BANCO) REFERENCES BANCO (CODIGO),
	CONSTRAINT FK_CODIGO_CONTA_2 FOREIGN KEY (CODIGO) REFERENCES CONTA (CODIGO),
	CONSTRAINT FK_TIPO_CONTA_2 FOREIGN KEY (TIPO_CONTA) REFERENCES TIPO_CONTA (ID_TIPO_CONTA),
	CONSTRAINT FK_ID_CLIENTE_2 FOREIGN KEY (ID_CLIENTE) REFERENCES CLIENTE (CPF)
);

CREATE TABLE GERENTE(
	CPF CHAR(14) PRIMARY KEY NOT NULL,
	FK_CODIGO CHAR(6) NOT NULL,
	ID_BANCO CHAR(4) NOT NULL,
	CODIGO_FUNCIONARIO INT NOT NULL,
	TIPO_GERENTE CHAR(2) CHECK ( TIPO_GERENTE IN ('GC', 'GG') ),
	CONSTRAINT FK_ID_CLIENTE_3 FOREIGN KEY (CPF) REFERENCES CLIENTE(CPF),
	CONSTRAINT FK_CODIGO_ID_BANCO_2 FOREIGN KEY ( FK_CODIGO, ID_BANCO) REFERENCES AGENCIA(CODIGO, ID_BANCO)
);

CREATE TABLE GERENTE_X_CONTA(
	CPF CHAR(14) NOT NULL,
	CODIGO INT NOT NULL,
	CONSTRAINT PK_CPF_CODIGO_CONTA PRIMARY KEY (CPF, CODIGO),
	CONSTRAINT FK_CODIGO_CONTA_3 FOREIGN KEY (CODIGO) REFERENCES CONTA (CODIGO),
	CONSTRAINT FK_ID_CLIENTE_4 FOREIGN KEY (CPF) REFERENCES CLIENTE (CPF)
);




--BANCOS
INSERT INTO BANCO (CODIGO, NOME) VALUES ('011', 'BANCO ALFA');
INSERT INTO BANCO (CODIGO, NOME) VALUES ('241', 'BANCO BETA');
INSERT INTO BANCO (CODIGO, NOME) VALUES ('307', 'BANCO OMEGA');
--PAIS
INSERT INTO PAIS (ID_PAIS, NOME) VALUES (1, 'BRASIL');

--ESTADO
INSERT INTO ESTADO (ID_ESTADO, ID_PAIS, NOME) VALUES (1, 1, 'SAO PAULO');

--CIDADE
INSERT INTO CIDADE (ID_CIDADE, ID_ESTADO, NOME) VALUES (1, 1, 'CAMPINAS');

--BAIRRO
INSERT INTO BAIRRO (ID_BAIRRO, ID_CIDADE, ID_ESTADO, NOME) VALUES (1, 1, 1, 'JARDINS');

--ENDERECO
INSERT INTO ENDERECO (ID_ENDERECO, ID_BAIRRO, ID_CIDADE, LOGRADOURO, NUMERO, COMPLEMENTO)
    VALUES (1, 1, 1, 'RUA TESTANDO', 55, 'LOJA 1');
INSERT INTO ENDERECO (ID_ENDERECO, ID_BAIRRO, ID_CIDADE, LOGRADOURO, NUMERO, COMPLEMENTO)
    VALUES (2, 1, 1, 'RUA ALPARGATOS', 55, 'CONJUNTO 12');
    

--AGENCIA    
INSERT INTO AGENCIA (CODIGO, ID_BANCO, ID_ENDERECO, NOME) VALUES ('0001', '011' , 1, 'WEB' );
INSERT INTO AGENCIA (CODIGO, ID_BANCO, ID_ENDERECO, NOME) VALUES ('0002', '241' , 1, 'SANTOS' );
INSERT INTO AGENCIA (CODIGO, ID_BANCO, ID_ENDERECO, NOME) VALUES ('0011', '241' , 1, 'ESTILO' );
INSERT INTO AGENCIA (CODIGO, ID_BANCO, ID_ENDERECO, NOME) VALUES ('0031', '011' , 1, 'PRIME' );

--TIPOS DE CONTA
INSERT INTO TIPO_CONTA (ID_TIPO_CONTA, NOME) VALUES (1, 'PJ');
INSERT INTO TIPO_CONTA (ID_TIPO_CONTA, NOME) VALUES (2, 'PF');
INSERT INTO TIPO_CONTA (ID_TIPO_CONTA, NOME) VALUES (3, 'CONJUNTA');
INSERT INTO TIPO_CONTA (ID_TIPO_CONTA, NOME) VALUES (4, 'INVESTIMENTO');

--CLIENTES
INSERT INTO CLIENTE(CPF, NOME, DATA_NASCIMENTO, ESTADO_CIVIL) VALUES ('01434230023', 'FILIPE', '07/04/1999', 'SOLTEIRO');
INSERT INTO CLIENTE(CPF, NOME, DATA_NASCIMENTO, ESTADO_CIVIL) VALUES ('01234567897', 'EDUARDO', '07/04/1999', 'SOLTEIRO');
INSERT INTO CLIENTE(CPF, NOME, DATA_NASCIMENTO, ESTADO_CIVIL) VALUES ('35487455487', 'JORGE', '07/04/1999', 'SOLTEIRO');
INSERT INTO CLIENTE(CPF, NOME, DATA_NASCIMENTO, ESTADO_CIVIL) VALUES ('64894784544', 'MARCOS', '07/04/1999', 'SOLTEIRO');
INSERT INTO CLIENTE(CPF, NOME, DATA_NASCIMENTO, ESTADO_CIVIL) VALUES ('65231685465', 'MATEUS', '07/04/1999', 'SOLTEIRO');
INSERT INTO CLIENTE(CPF, NOME, DATA_NASCIMENTO, ESTADO_CIVIL) VALUES ('5121', 'ISAIAS', '07/04/1999', 'SOLTEIRO');
INSERT INTO CLIENTE(CPF, NOME, DATA_NASCIMENTO, ESTADO_CIVIL) VALUES ('351', 'BARTOLOMEU', '07/04/1999', 'SOLTEIRO');
INSERT INTO CLIENTE(CPF, NOME, DATA_NASCIMENTO, ESTADO_CIVIL) VALUES ('3521', 'JUVENAU', '07/04/1999', 'SOLTEIRO');
INSERT INTO CLIENTE(CPF, NOME, DATA_NASCIMENTO, ESTADO_CIVIL) VALUES ('231', 'ALFREDO', '07/04/1999', 'SOLTEIRO');
INSERT INTO CLIENTE(CPF, NOME, DATA_NASCIMENTO, ESTADO_CIVIL) VALUES ('281', 'ROMEU', '07/04/1999', 'SOLTEIRO');
INSERT INTO CLIENTE(CPF, NOME, DATA_NASCIMENTO, ESTADO_CIVIL) VALUES ('291', 'PORT', '07/04/1999', 'SOLTEIRO');
INSERT INTO CLIENTE(CPF, NOME, DATA_NASCIMENTO, ESTADO_CIVIL) VALUES ('54', 'CARAI', '07/04/1999', 'SOLTEIRO');
INSERT INTO CLIENTE(CPF, NOME, DATA_NASCIMENTO, ESTADO_CIVIL) VALUES ('21', 'TOBE', '07/04/1999', 'SOLTEIRO');
--CLIENTES CJ
INSERT INTO CLIENTE(CPF, NOME, DATA_NASCIMENTO, ESTADO_CIVIL) VALUES ('81', 'TOBE', '07/04/1999', 'SOLTEIRO');
INSERT INTO CLIENTE(CPF, NOME, DATA_NASCIMENTO, ESTADO_CIVIL) VALUES ('91', 'TOBE', '07/04/1999', 'SOLTEIRO');
INSERT INTO CLIENTE(CPF, NOME, DATA_NASCIMENTO, ESTADO_CIVIL) VALUES ('101', 'TOBE', '07/04/1999', 'SOLTEIRO');

--CLIENTE_X_ENDERECO
INSERT INTO CLIENTE_X_ENDERECO (ID_CLIENTE, ID_ENDERECO) VALUES ('01434230023', 2);
INSERT INTO CLIENTE_X_ENDERECO (ID_CLIENTE, ID_ENDERECO) VALUES ('01234567897', 2);
INSERT INTO CLIENTE_X_ENDERECO (ID_CLIENTE, ID_ENDERECO) VALUES ('35487455487', 2);
INSERT INTO CLIENTE_X_ENDERECO (ID_CLIENTE, ID_ENDERECO) VALUES ('64894784544', 2);
INSERT INTO CLIENTE_X_ENDERECO (ID_CLIENTE, ID_ENDERECO) VALUES ('65231685465', 2);
INSERT INTO CLIENTE_X_ENDERECO (ID_CLIENTE, ID_ENDERECO) VALUES ('5121', 2);
INSERT INTO CLIENTE_X_ENDERECO (ID_CLIENTE, ID_ENDERECO) VALUES ('351', 2);
INSERT INTO CLIENTE_X_ENDERECO (ID_CLIENTE, ID_ENDERECO) VALUES ('3521', 2);
INSERT INTO CLIENTE_X_ENDERECO (ID_CLIENTE, ID_ENDERECO) VALUES ('231', 2);
INSERT INTO CLIENTE_X_ENDERECO (ID_CLIENTE, ID_ENDERECO) VALUES ('281', 2);
INSERT INTO CLIENTE_X_ENDERECO (ID_CLIENTE, ID_ENDERECO) VALUES ('291', 2);
INSERT INTO CLIENTE_X_ENDERECO (ID_CLIENTE, ID_ENDERECO) VALUES ('54', 2);
INSERT INTO CLIENTE_X_ENDERECO (ID_CLIENTE, ID_ENDERECO) VALUES ('21', 2);
INSERT INTO CLIENTE_X_ENDERECO (ID_CLIENTE, ID_ENDERECO) VALUES ('81', 2);
INSERT INTO CLIENTE_X_ENDERECO (ID_CLIENTE, ID_ENDERECO) VALUES ('91', 2);
INSERT INTO CLIENTE_X_ENDERECO (ID_CLIENTE, ID_ENDERECO) VALUES ('101', 2);


--CONTAS
INSERT INTO CONTA(CODIGO, CODIGO_AGENCIA, ID_BANCO, TIPO_CONTA, SALDO) VALUES (1, '0001', '011', 1, 0.0);  
INSERT INTO CONTA(CODIGO, CODIGO_AGENCIA, ID_BANCO, TIPO_CONTA, SALDO) VALUES (2, '0001', '011', 1, 10.0);  
INSERT INTO CONTA(CODIGO, CODIGO_AGENCIA, ID_BANCO, TIPO_CONTA, SALDO) VALUES (3, '0001', '011', 2, 50.0);  
INSERT INTO CONTA(CODIGO, CODIGO_AGENCIA, ID_BANCO, TIPO_CONTA, SALDO) VALUES (4, '0001', '011', 2, 80.0);  
INSERT INTO CONTA(CODIGO, CODIGO_AGENCIA, ID_BANCO, TIPO_CONTA, SALDO) VALUES (5, '0001', '011', 2, 90.0);  
INSERT INTO CONTA(CODIGO, CODIGO_AGENCIA, ID_BANCO, TIPO_CONTA, SALDO) VALUES (6, '0002', '241', 2, 484.0);  
INSERT INTO CONTA(CODIGO, CODIGO_AGENCIA, ID_BANCO, TIPO_CONTA, SALDO) VALUES (7, '0002', '241', 2, 300.0); 
--CONJUNTAS
INSERT INTO CONTA(CODIGO, CODIGO_AGENCIA, ID_BANCO, TIPO_CONTA, SALDO) VALUES (8, '0002', '241', 3, 87.0);  
INSERT INTO CONTA(CODIGO, CODIGO_AGENCIA, ID_BANCO, TIPO_CONTA, SALDO) VALUES (9, '0002', '241', 3, 45.0);  
INSERT INTO CONTA(CODIGO, CODIGO_AGENCIA, ID_BANCO, TIPO_CONTA, SALDO) VALUES (10,'0002', '241', 3, 300.0);


--CLIENTE X CONTA
--PJ
INSERT INTO CLIENTE_X_CONTA (ID_CLIENTE, CODIGO, ID_BANCO, TIPO_CONTA ) VALUES ('54', 1, '011', 1);
INSERT INTO CLIENTE_X_CONTA (ID_CLIENTE, CODIGO, ID_BANCO, TIPO_CONTA ) VALUES ('21', 2, '011', 1);
--SOCIOS
INSERT INTO CLIENTE_X_CONTA (ID_CLIENTE, CODIGO, ID_BANCO, TIPO_CONTA ) VALUES ('01434230023', 1, '011', 1);
INSERT INTO CLIENTE_X_CONTA (ID_CLIENTE, CODIGO, ID_BANCO, TIPO_CONTA ) VALUES ('01234567897', 1, '011', 1);
INSERT INTO CLIENTE_X_CONTA (ID_CLIENTE, CODIGO, ID_BANCO, TIPO_CONTA ) VALUES ('35487455487', 1, '011', 1);
INSERT INTO CLIENTE_X_CONTA (ID_CLIENTE, CODIGO, ID_BANCO, TIPO_CONTA ) VALUES ('64894784544', 2, '011', 1);
INSERT INTO CLIENTE_X_CONTA (ID_CLIENTE, CODIGO, ID_BANCO, TIPO_CONTA ) VALUES ('65231685465', 2, '011', 1);
INSERT INTO CLIENTE_X_CONTA (ID_CLIENTE, CODIGO, ID_BANCO, TIPO_CONTA ) VALUES ('81'         , 2, '011', 1);
--PF
INSERT INTO CLIENTE_X_CONTA (ID_CLIENTE, CODIGO, ID_BANCO, TIPO_CONTA ) VALUES ('01434230023', 3, '011', 2);
INSERT INTO CLIENTE_X_CONTA (ID_CLIENTE, CODIGO, ID_BANCO, TIPO_CONTA ) VALUES ('01234567897', 4, '011', 2);
INSERT INTO CLIENTE_X_CONTA (ID_CLIENTE, CODIGO, ID_BANCO, TIPO_CONTA ) VALUES ('35487455487', 5, '011', 2);
INSERT INTO CLIENTE_X_CONTA (ID_CLIENTE, CODIGO, ID_BANCO, TIPO_CONTA ) VALUES ('64894784544', 6, '241', 2);
INSERT INTO CLIENTE_X_CONTA (ID_CLIENTE, CODIGO, ID_BANCO, TIPO_CONTA ) VALUES ('65231685465', 7, '241', 2);
--CONJUNTA
INSERT INTO CLIENTE_X_CONTA (ID_CLIENTE, CODIGO, ID_BANCO, TIPO_CONTA ) VALUES ('65231685465', 8, '241', 3);
INSERT INTO CLIENTE_X_CONTA (ID_CLIENTE, CODIGO, ID_BANCO, TIPO_CONTA ) VALUES ('01234567897', 8, '241', 3);
INSERT INTO CLIENTE_X_CONTA (ID_CLIENTE, CODIGO, ID_BANCO, TIPO_CONTA ) VALUES ('01434230023', 9, '241', 3);
INSERT INTO CLIENTE_X_CONTA (ID_CLIENTE, CODIGO, ID_BANCO, TIPO_CONTA ) VALUES ('64894784544', 9, '241', 3);
INSERT INTO CLIENTE_X_CONTA (ID_CLIENTE, CODIGO, ID_BANCO, TIPO_CONTA ) VALUES ('5121', 10, '241', 3);
INSERT INTO CLIENTE_X_CONTA (ID_CLIENTE, CODIGO, ID_BANCO, TIPO_CONTA ) VALUES ('231', 10, '241', 3);


--GERENTES
INSERT INTO GERENTE(CPF, FK_CODIGO, ID_BANCO, CODIGO_FUNCIONARIO, TIPO_GERENTE) VALUES ('01434230023','0001', '011', 1, 'GG');
INSERT INTO GERENTE(CPF, FK_CODIGO, ID_BANCO, CODIGO_FUNCIONARIO, TIPO_GERENTE) VALUES ('01234567897','0002', '241', 2, 'GG');

--GERENTE_X_CONTA
INSERT INTO GERENTE_X_CONTA(CPF, CODIGO) VALUES ('01434230023', 1);
INSERT INTO GERENTE_X_CONTA(CPF, CODIGO) VALUES ('01434230023', 2);
INSERT INTO GERENTE_X_CONTA(CPF, CODIGO) VALUES ('01434230023', 3);
INSERT INTO GERENTE_X_CONTA(CPF, CODIGO) VALUES ('01434230023', 4);
INSERT INTO GERENTE_X_CONTA(CPF, CODIGO) VALUES ('01434230023', 5);
INSERT INTO GERENTE_X_CONTA(CPF, CODIGO) VALUES ('01234567897', 6);
INSERT INTO GERENTE_X_CONTA(CPF, CODIGO) VALUES ('01234567897', 7);
INSERT INTO GERENTE_X_CONTA(CPF, CODIGO) VALUES ('01234567897', 8);
INSERT INTO GERENTE_X_CONTA(CPF, CODIGO) VALUES ('01234567897', 9);
INSERT INTO GERENTE_X_CONTA(CPF, CODIGO) VALUES ('01234567897', 10);



